Count of title,Column Labels,,
Row Labels,Movie,TV Show,Grand Total
1925,,1,1
1942,2,,2
1943,3,,3
1944,3,,3
1945,3,1,4
1946,1,1,2
1947,1,,1
1954,2,,2
1955,3,,3
1956,2,,2
1958,3,,3
1959,1,,1
1960,4,,4
1961,1,,1
1962,3,,3
1963,1,1,2
1964,2,,2
1965,2,,2
1966,1,,1
1967,4,1,5
1968,3,,3
1969,2,,2
1970,2,,2
1971,5,,5
1972,4,1,5
1973,10,,10
1974,6,1,7
1975,7,,7
1976,9,,9
1977,6,1,7
1978,7,,7
1979,10,1,11
1980,11,,11
1981,12,1,13
1982,17,,17
1983,11,,11
1984,12,,12
1985,9,1,10
1986,11,2,13
1987,8,,8
1988,16,2,18
1989,15,1,16
1990,19,3,22
1991,16,1,17
1992,20,3,23
1993,24,4,28
1994,20,2,22
1995,23,2,25
1996,21,3,24
1997,34,4,38
1998,32,4,36
1999,32,7,39
2000,33,4,37
2001,40,5,45
2002,44,7,51
2003,51,10,61
2004,55,9,64
2005,67,13,80
2006,82,14,96
2007,74,14,88
2008,113,23,136
2009,118,34,152
2010,154,40,194
2011,145,40,185
2012,173,64,237
2013,225,63,288
2014,264,88,352
2015,398,162,560
2016,658,244,902
2017,767,265,1032
2018,767,380,1147
2019,633,397,1030
2020,517,436,953
2021,277,315,592
Grand Total,6131,2676,8807
